Apple iPhone SE (2da generación) 64 GB - (PRODUCT)RED,5,299
Apple iPhone 14 Pro (256 GB) - Color oro,33,999
Apple iPhone 14 Pro Max (128 GB) - Negro espacial,28,900
Apple iPhone 14 (128 GB) - Morado,20,999
Apple iPhone 13 Pro 128 Gb Verde Alpino Original Liberado,24,997
Apple iPhone 14 (256 GB) - Medianoche,23,999
Apple iPhone 14 Plus (128 GB) - Medianoche,23,999
Apple iPhone 13 Pro Max 128 Gb Verde Original Liberado,27,997
Apple iPhone 13 (128 Gb) Azul Medianoche Nuevo Caja Cerrada,22,000
Apple iPhone 11 Pro Max 256 Gb Gris Espacial,17,997
iPhone XS 64gb Gris Espacial ( Reacondicionado Certificado ),6,599
Apple iPhone 11 256 Gb Rojo Reacondicionado - Tipo A-menos,11,099
iPhone 11 Pro 64 Gb Verde Medianoche,13,997
iPhone X 64 Gb Gris Espacial Liberado Original,7,997
iPhone 8 64 GB plata,3,922
Apple iPhone 12 Mini (64 Gb) - Negro Liberado Original,10,899
Apple iPhone XS Max 256 Gb Gris Espacial Original Liberado,12,997
iPhone 8 Plus 64 Gb Gris Espacial,5,499
Apple iPhone XR 128 GB - Blanco,7,989
Apple iPhone 12 Pro 128 Gb Grafito Liberado Grado B,19,997
Apple iPhone 13 128 Gb Azul Original Liberado,21,997
Apple iPhone 11 (64 GB) - (PRODUCT)RED,9,999
Apple iPhone 12 Mini (64 Gb) - (product) Red - Original,11,299
iPhone 8 Plus 64 Gb Oro,5,499
iPhone 8 64 Gb Plata,3,922
iPhone 8 Plus 256 Gb Gris Espacial,6,499
Apple iPhone 12 Mini (128 Gb) - Azul - Original De Mostrador,11,999
Buen Fin iPhone 14 Prox Max De 512 Gb Y 6 Gb Varios Colores,28,299
iPhone 11 Pro Max 64 Gb Oro Original Liberado,16,497
iPhone XS 256 Gb Negro Liberado Acces Orig Meses Grado A,8,609
iPhone 11 128 Gb Blanco Acces Original Envio Gratis Garantía,10,999
iPhone 8 Plus 256 Gb (product)red,6,499
Apple iPhone 12 (64 GB) - Negro,15,999
Apple iPhone 14 (128 Gb) - Medianoche,20,999
Apple iPhone XR 64 Gb - Azul,6,479
Apple iPhone SE (2da generación) 128 GB - Negro,11,999
Apple iPhone SE (3ª generación, 128 GB) - Blanco estelar,12,999
iPhone 8 64 Gb Gris Espacial, Liberado, Envio Inmediato.,4,299
Apple iPhone 12 Pro 128 Gb Grafito Liberado Grado C,18,997
Apple iPhone 12 Mini (128 Gb) - Azul Reburbished,13,780
iPhone SE 32 Gb Plata Rsim,2,999
Apple iPhone 7 Plus 32 Gb Oro Original Liberado,5,997
iPhone 11 Pro 64 GB gris espacial,11,999
iPhone XS Max 64 Gb Negro A Meses Original Envio Grado A,10,499
Apple iPhone 14 Plus (256 GB) - Morado,26,999
iPhone X 256 Gb Plata Accesorios Originales A Meses Garantía,7,499
Apple iPhone 12 Pro Max 128 Gb Azul Pacífico Liberado Grado C,21,997
Apple iPhone 13 (128 Gb) - Rosa (liberado),18,999
Celular Apple iPhone 11 64 Gb Liberado Grado B Blanco,7,999
iPhone 8 Plus 256 Gb Rojo Acces Originales A Meses Grado A,8,399
